{
    "Objects": [
        {
            "name": "Land_Misc_Well_Pump_Yellow",
            "pos": [
                3699.506591796875,
                239.33169555664063,
                6353.060546875
            ],
            "ypr": [
                0.0,
                -0.0,
                -0.0
            ]
        },
        {
            "name": "Land_Camp_House_brown",
            "pos": [
                3743.18994140625,
                245.3584747314453,
                6286.69091796875
            ],
            "ypr": [
                143.99989318847657,
                0.0,
                -0.0
            ]
        }
    ]
}