{
    "Objects": [
        {
            "name": "Land_Misc_Well_Pump_Yellow",
            "pos": [
                3699.506591796875,
                239.33169555664063,
                6353.060546875
            ],
            "ypr": [
                0.0,
                -0.0,
                -0.0
            ]
        }
    ]
}