{
    "Objects": [
        {
            "name": "Bonfire",
            "pos": [
                10193.701171875,
                230.55078125,
                10331.1630859375
            ],
            "ypr": [
                0.0,
                -0.0,
                -0.0
            ]
        },
        {
            "name": "Land_Village_Store_Enoch",
            "pos": [
                10204.8876953125,
                230.3571014404297,
                10306.373046875
            ],
            "ypr": [
                62.99997329711914,
                -0.0,
                -0.0
            ]
        },
        {
            "name": "Land_Misc_Well_Pump_Blue",
            "pos": [
                10193.4345703125,
                228.2837677001953,
                10319.0634765625
            ],
            "ypr": [
                0.0,
                -0.0,
                -0.0
            ]
        },
        {
            "name": "Land_Village_Pub",
            "pos": [
                10174.06640625,
                231.87002563476563,
                10340.078125
            ],
            "ypr": [
                62.99997329711914,
                -0.0,
                -0.0
            ]
        }
    ]
}